Workbook

Sheet 年間サマリー
A1: 松藤華奈 コミッション計算表（年間）
A2: 単位: 円 / 業務委託フルコミッション
A3: 項目 | B3: 1月 | C3: 2月 | D3: 3月 | E3: 4月 | F3: 5月 | G3: 6月 | H3: 7月 | I3: 8月 | J3: 9月 | K3: 10月 | L3: 11月 | M3: 12月 | N3: 合計 | O3: 月平均
A4: 【売上入力】
A5: ご自身の顧客売上 | B5: =1月!B4 | C5: =2月!B4 | D5: =3月!B4 | E5: =4月!B4 | F5: =5月!B4 | G5: =6月!B4 | H5: =7月!B4 | I5: =8月!B4 | J5: =9月!B4 | K5: =10月!B4 | L5: =11月!B4 | M5: =12月!B4 | N5: =SUM(B5:M5) | O5: =ROUND(N5/12,0)
A6: 施術売上（指名なし） | B6: =1月!B5 | C6: =2月!B5 | D6: =3月!B5 | E6: 417800 | F6: =5月!B5 | G6: =6月!B5 | H6: =7月!B5 | I6: =8月!B5 | J6: =9月!B5 | K6: =10月!B5 | L6: =11月!B5 | M6: =12月!B5 | N6: =SUM(B6:M6) | O6: =ROUND(N6/12,0)
A7: 指名売上 | B7: =1月!B6 | C7: =2月!B6 | D7: =3月!B6 | E7: 30000 | F7: =5月!B6 | G7: =6月!B6 | H7: =7月!B6 | I7: =8月!B6 | J7: =9月!B6 | K7: =10月!B6 | L7: =11月!B6 | M7: =12月!B6 | N7: =SUM(B7:M7) | O7: =ROUND(N7/12,0)
A8: 店販売上 | B8: =1月!B7 | C8: =2月!B7 | D8: =3月!B7 | E8: =4月!B7 | F8: =5月!B7 | G8: =6月!B7 | H8: =7月!B7 | I8: =8月!B7 | J8: =9月!B7 | K8: =10月!B7 | L8: =11月!B7 | M8: =12月!B7 | N8: =SUM(B8:M8) | O8: =ROUND(N8/12,0)
A9: オプション売上 | B9: =1月!B8 | C9: =2月!B8 | D9: =3月!B8 | E9: =4月!B8 | F9: =5月!B8 | G9: =6月!B8 | H9: =7月!B8 | I9: =8月!B8 | J9: =9月!B8 | K9: =10月!B8 | L9: =11月!B8 | M9: =12月!B8 | N9: =SUM(B9:M9) | O9: =ROUND(N9/12,0)
A10: 勤務日数 | B10: =1月!B11 | C10: =2月!B11 | D10: =3月!B11 | E10: 21 | F10: =5月!B11 | G10: =6月!B11 | H10: =7月!B11 | I10: =8月!B11 | J10: =9月!B11 | K10: =10月!B11 | L10: =11月!B11 | M10: =12月!B11 | N10: =SUM(B10:M10) | O10: =ROUND(N10/12,0)
A11: 片道運賃（円） | B11: =1月!B12 | C11: =2月!B12 | D11: =3月!B12 | E11: =4月!B12 | F11: =5月!B12 | G11: =6月!B12 | H11: =7月!B12 | I11: =8月!B12 | J11: =9月!B12 | K11: =10月!B12 | L11: =11月!B12 | M11: =12月!B12 | N11: =SUM(B11:M11) | O11: =ROUND(N11/12,0)
A13: 【コミッション計算】
A14: ご自身の顧客コミッション | B14: =ROUNDDOWN(B5*(1-$B$29)*$B$25,0) | C14: =ROUNDDOWN(C5*(1-$B$29)*$B$25,0) | D14: =ROUNDDOWN(D5*(1-$B$29)*$B$25,0) | E14: =ROUNDDOWN(E5*(1-$B$29)*$B$25,0) | F14: =ROUNDDOWN(F5*(1-$B$29)*$B$25,0) | G14: =ROUNDDOWN(G5*(1-$B$29)*$B$25,0) | H14: =ROUNDDOWN(H5*(1-$B$29)*0.6,0) | I14: =ROUNDDOWN(I5*(1-$B$29)*0.6,0) | J14: =ROUNDDOWN(J5*(1-$B$29)*$B$25,0) | K14: =ROUNDDOWN(K5*(1-$B$29)*$B$25,0) | L14: =ROUNDDOWN(L5*(1-$B$29)*$B$25,0) | M14: =ROUNDDOWN(M5*(1-$B$29)*$B$25,0) | N14: =SUM(B14:M14) | O14: =ROUND(N14/12,0)
A15: 施術コミッション（指名なし） | B15: =ROUNDDOWN(B6*(1-$B$29)*$B$26,0) | C15: =ROUNDDOWN(C6*(1-$B$29)*$B$26,0) | D15: =ROUNDDOWN(D6*(1-$B$29)*$B$26,0) | E15: =ROUNDDOWN(E6*(1-$B$29)*$B$26,0) | F15: =ROUNDDOWN(F6*(1-$B$29)*$B$26,0) | G15: =ROUNDDOWN(G6*(1-$B$29)*$B$26,0) | H15: =ROUNDDOWN(H6*(1-$B$29)*0.4,0) | I15: =ROUNDDOWN(I6*(1-$B$29)*0.4,0) | J15: =ROUNDDOWN(J6*(1-$B$29)*$B$26,0) | K15: =ROUNDDOWN(K6*(1-$B$29)*$B$26,0) | L15: =ROUNDDOWN(L6*(1-$B$29)*$B$26,0) | M15: =ROUNDDOWN(M6*(1-$B$29)*$B$26,0) | N15: =SUM(B15:M15) | O15: =ROUND(N15/12,0)
A16: 指名コミッション | B16: =ROUNDDOWN(B7*(1-$B$29)*$B$27,0) | C16: =ROUNDDOWN(C7*(1-$B$29)*$B$27,0) | D16: =ROUNDDOWN(D7*(1-$B$29)*$B$27,0) | E16: =ROUNDDOWN(E7*(1-$B$29)*$B$27,0) | F16: =ROUNDDOWN(F7*(1-$B$29)*$B$27,0) | G16: =ROUNDDOWN(G7*(1-$B$29)*$B$27,0) | H16: =ROUNDDOWN(H7*(1-$B$29)*0.5,0) | I16: =ROUNDDOWN(I7*(1-$B$29)*0.5,0) | J16: =ROUNDDOWN(J7*(1-$B$29)*$B$27,0) | K16: =ROUNDDOWN(K7*(1-$B$29)*$B$27,0) | L16: =ROUNDDOWN(L7*(1-$B$29)*$B$27,0) | M16: =ROUNDDOWN(M7*(1-$B$29)*$B$27,0) | N16: =SUM(B16:M16) | O16: =ROUND(N16/12,0)
A17: 店販コミッション | B17: =ROUNDDOWN(B8*$B$28,0) | C17: =ROUNDDOWN(C8*$B$28,0) | D17: =ROUNDDOWN(D8*$B$28,0) | E17: =ROUNDDOWN(E8*$B$28,0) | F17: =ROUNDDOWN(F8*$B$28,0) | G17: =ROUNDDOWN(G8*$B$28,0) | H17: =ROUNDDOWN(H8*0.05,0) | I17: =ROUNDDOWN(I8*0.05,0) | J17: =ROUNDDOWN(J8*$B$28,0) | K17: =ROUNDDOWN(K8*$B$28,0) | L17: =ROUNDDOWN(L8*$B$28,0) | M17: =ROUNDDOWN(M8*$B$28,0) | N17: =SUM(B17:M17) | O17: =ROUND(N17/12,0)
A18: オプションコミッション | B18: =ROUNDDOWN(B9*$B$28,0) | C18: =ROUNDDOWN(C9*$B$28,0) | D18: =ROUNDDOWN(D9*$B$28,0) | E18: =ROUNDDOWN(E9*$B$28,0) | F18: =ROUNDDOWN(F9*$B$28,0) | G18: =ROUNDDOWN(G9*$B$28,0) | H18: =ROUNDDOWN(H9*0.05,0) | I18: =ROUNDDOWN(I9*0.05,0) | J18: =ROUNDDOWN(J9*$B$28,0) | K18: =ROUNDDOWN(K9*$B$28,0) | L18: =ROUNDDOWN(L9*$B$28,0) | M18: =ROUNDDOWN(M9*$B$28,0) | N18: =SUM(B18:M18) | O18: =ROUND(N18/12,0)
A19: 交通費（往復×勤務日） | B19: =(B11*2)*B10 | C19: =(C11*2)*C10 | D19: =(D11*2)*D10 | E19: =(E11*2)*E10 | F19: =(F11*2)*F10 | G19: =(G11*2)*G10 | H19: 0 | I19: 0 | J19: =(J11*2)*J10 | K19: =(K11*2)*K10 | L19: =(L11*2)*L10 | M19: =(M11*2)*M10 | N19: =SUM(B19:M19) | O19: =ROUND(N19/12,0)
A21: 【支給合計】 | B21: =SUM(B14:B18)+B19 | C21: =SUM(C14:C18)+C19 | D21: =SUM(D14:D18)+D19 | E21: =SUM(E14:E18)+E19 | F21: =SUM(F14:F18)+F19 | G21: =SUM(G14:G18)+G19 | H21: =SUM(H14:H18)+H19 | I21: =SUM(I14:I18)+I19 | ... M21: =SUM(M14:M18)+M19 | N21: =SUM(B21:M21) | O21: =ROUND(N21/12,0)
A24: 【コミッション料率設定】
A25: ご自身の顧客 コミッション料率 | B25: 0.7 | C25: ご自身の顧客売上 × 90%（経費控除後）× この料率
A26: 指名なし売上 コミッション料率 | B26: 0.5 | C26: 施術売上 × 90%（経費控除後）× この料率
A27: 指名売上 コミッション料率 | B27: 0.6 | C27: 指名売上 × 90%（経費控除後）× この料率
A28: 店販/オプション 料率 | B28: 0.1 | C28: 店販/オプション売上 × この料率（経費控除なし）
A29: 経費控除率 | B29: 0.1 | C29: 施術・指名・ご自身の顧客 売上から差し引く経費率（10%）
A32: 【計算ロジック】
A33: ・ご自身の顧客売上 × 90%（経費10%控除後）× 70% = ご自身の顧客コミッション
A34: ・施術売上（指名なし）× 90%（経費10%控除後）× 50% = 施術コミッション
A35: ・指名売上 × 90%（経費10%控除後）× 60% = 指名コミッション
A36: ・店販売上 × 10% = 店販コミッション（経費控除なし）
A37: ・オプション売上 × 10% = オプションコミッション（経費控除なし）
A38: ・片道運賃 × 2（往復）× 勤務日数 = 交通費（経費控除なし・実費支給）
A39: ・支給合計 = 5種コミッション + 交通費
A41: 【入力欄】青セル: 売上・勤務日数・運賃を入力 / 緑セル: ご自身の顧客系 / 赤数値: 料率を変更可能
A42: 【自動計算】グレーセル: コミッション計算 / 金色セル: 月別支給合計
A43: ※ 売上・勤務日数は各月シートで入力すると年間サマリーに自動反映されます

Sheet 1月
A1: 松藤華奈 コミッション計算 - 1月
A3: 区分 | B3: 売上/数量 | C3: 経費控除後 | D3: 料率 | E3: コミッション
A4: ご自身の顧客売上 | C4: =B4*(1-年間サマリー!$B$29) | D4: =年間サマリー!$B$25 | E4: =ROUNDDOWN(C4*D4,0)
A5: 施術売上（指名なし） | C5: =B5*(1-年間サマリー!$B$29) | D5: =年間サマリー!$B$26 | E5: =ROUNDDOWN(C5*D5,0)
A6: 指名売上 | C6: =B6*(1-年間サマリー!$B$29) | D6: =年間サマリー!$B$27 | E6: =ROUNDDOWN(C6*D6,0)
A7: 店販売上 | C7: =B7 | D7: =年間サマリー!$B$28 | E7: =ROUNDDOWN(B7*D7,0)
A8: オプション売上 | C8: =B8 | D8: =年間サマリー!$B$28 | E8: =ROUNDDOWN(B8*D8,0)
A10: 【交通費】
A11: 勤務日数
A12: 片道運賃 | B12: 160
A13: 交通費（片道×2×勤務日数） | E13: =B12*2*B11
A15: 支給合計 | E15: =SUM(E4:E8)+E13
A17: ※ 青セル=入力欄、グレーセル=自動計算、料率は年間サマリーで一元管理

Sheet 2月
A1: 松藤華奈 コミッション計算 - 2月
A3: 区分 | B3: 売上/数量 | C3: 経費控除後 | D3: 料率 | E3: コミッション
A4: ご自身の顧客売上 | C4: =B4*(1-年間サマリー!$B$29) | D4: =年間サマリー!$B$25 | E4: =ROUNDDOWN(C4*D4,0)
A5: 施術売上（指名なし） | C5: =B5*(1-年間サマリー!$B$29) | D5: =年間サマリー!$B$26 | E5: =ROUNDDOWN(C5*D5,0)
A6: 指名売上 | C6: =B6*(1-年間サマリー!$B$29) | D6: =年間サマリー!$B$27 | E6: =ROUNDDOWN(C6*D6,0)
A7: 店販売上 | C7: =B7 | D7: =年間サマリー!$B$28 | E7: =ROUNDDOWN(B7*D7,0)
A8: オプション売上 | C8: =B8 | D8: =年間サマリー!$B$28 | E8: =ROUNDDOWN(B8*D8,0)
A10: 【交通費】
A11: 勤務日数
A12: 片道運賃 | B12: 160
A13: 交通費（片道×2×勤務日数） | E13: =B12*2*B11
A15: 支給合計 | E15: =SUM(E4:E8)+E13
A17: ※ 青セル=入力欄、グレーセル=自動計算、料率は年間サマリーで一元管理

Sheet 3月
A1: 松藤華奈 コミッション計算 - 3月
A3: 区分 | B3: 売上/数量 | C3: 経費控除後 | D3: 料率 | E3: コミッション
A4: ご自身の顧客売上 | C4: =B4*(1-年間サマリー!$B$29) | D4: =年間サマリー!$B$25 | E4: =ROUNDDOWN(C4*D4,0)
A5: 施術売上（指名なし） | C5: =B5*(1-年間サマリー!$B$29) | D5: =年間サマリー!$B$26 | E5: =ROUNDDOWN(C5*D5,0)
A6: 指名売上 | C6: =B6*(1-年間サマリー!$B$29) | D6: =年間サマリー!$B$27 | E6: =ROUNDDOWN(C6*D6,0)
A7: 店販売上 | C7: =B7 | D7: =年間サマリー!$B$28 | E7: =ROUNDDOWN(B7*D7,0)
A8: オプション売上 | C8: =B8 | D8: =年間サマリー!$B$28 | E8: =ROUNDDOWN(B8*D8,0)
A10: 【交通費】
A11: 勤務日数
A12: 片道運賃 | B12: 160
A13: 交通費（片道×2×勤務日数） | E13: =B12*2*B11
A15: 支給合計 | E15: =SUM(E4:E8)+E13
A17: ※ 青セル=入力欄、グレーセル=自動計算、料率は年間サマリーで一元管理

Sheet 4月
A1: 松藤華奈 コミッション計算 - 4月
A3: 区分 | B3: 売上/数量 | C3: 経費控除後 | D3: 料率 | E3: コミッション
A4: ご自身の顧客売上 | C4: =B4*(1-年間サマリー!$B$29) | D4: =年間サマリー!$B$25 | E4: =ROUNDDOWN(C4*D4,0)
A5: 施術売上（指名なし） | B5: 340760 | C5: =B5*(1-年間サマリー!$B$29) | D5: =年間サマリー!$B$26 | E5: =ROUNDDOWN(C5*D5,0)
A6: 指名売上 | B6: 34600 | C6: =B6*(1-年間サマリー!$B$29) | D6: =年間サマリー!$B$27 | E6: =ROUNDDOWN(C6*D6,0)
A7: 店販売上 | B7: 11100 | C7: =B7 | D7: =年間サマリー!$B$28 | E7: =ROUNDDOWN(B7*D7,0)
A8: オプション売上 | B8: 19600 | C8: =B8 | D8: =年間サマリー!$B$28 | E8: =ROUNDDOWN(B8*D8,0)
A10: 【交通費】
A11: 勤務日数 | B11: 17
A12: 片道運賃 | B12: 160
A13: 交通費（片道×2×勤務日数） | E13: =B12*2*B11
A15: 支給合計 | E15: =SUM(E4:E8)+E13
A17: ※ 青セル=入力欄、グレーセル=自動計算、料率は年間サマリーで一元管理

Sheet 5月
A1: 松藤華奈 コミッション計算 - 5月
A3: 区分 | B3: 売上/数量 | C3: 経費控除後 | D3: 料率 | E3: コミッション
A4: ご自身の顧客売上 | B4: 21100 | C4: =B4*(1-年間サマリー!$B$29) | D4: =年間サマリー!$B$25 | E4: =ROUNDDOWN(C4*D4,0)
A5: 施術売上（指名なし） | B5: 306300 | C5: =B5*(1-年間サマリー!$B$29) | D5: =年間サマリー!$B$26 | E5: =ROUNDDOWN(C5*D5,0)
A6: 指名売上 | B6: 7800 | C6: =B6*(1-年間サマリー!$B$29) | D6: =年間サマリー!$B$27 | E6: =ROUNDDOWN(C6*D6,0)
A7: 店販売上 | B7: 10800 | C7: =B7 | D7: =年間サマリー!$B$28 | E7: =ROUNDDOWN(B7*D7,0)
A8: オプション売上 | B8: 11600 | C8: =B8 | D8: =年間サマリー!$B$28 | E8: =ROUNDDOWN(B8*D8,0)
A10: 【交通費】
A11: 勤務日数 | B11: 14
A12: 片道運賃 | B12: 160
A13: 交通費（片道×2×勤務日数） | E13: =B12*2*B11
A15: 支給合計 | E15: =SUM(E4:E8)+E13
A17: ※ 青セル=入力欄、グレーセル=自動計算、料率は年間サマリーで一元管理

Sheet 6月
A1: 松藤華奈 コミッション計算 - 6月
A3: 区分 | B3: 売上/数量 | C3: 経費控除後 | D3: 料率 | E3: コミッション
A4: ご自身の顧客売上 | B4: 0 | C4: =B4*(1-年間サマリー!$B$29) | D4: =年間サマリー!$B$25 | E4: =ROUNDDOWN(C4*D4,0)
A5: 施術売上（指名なし） | B5: 406700 | C5: =B5*(1-年間サマリー!$B$29) | D5: =年間サマリー!$B$26 | E5: =ROUNDDOWN(C5*D5,0)
A6: 指名売上 | B6: 38300 | C6: =B6*(1-年間サマリー!$B$29) | D6: =年間サマリー!$B$27 | E6: =ROUNDDOWN(C6*D6,0)
A7: 店販売上 | B7: 7200 | C7: =B7 | D7: =年間サマリー!$B$28 | E7: =ROUNDDOWN(B7*D7,0)
A8: オプション売上 | B8: 22600 | C8: =B8 | D8: =年間サマリー!$B$28 | E8: =ROUNDDOWN(B8*D8,0)
A10: 【交通費】
A11: 勤務日数 | B11: 17
A12: 片道運賃 | B12: 160
A13: 交通費（片道×2×勤務日数） | E13: =B12*2*B11
A15: 支給合計 | E15: =SUM(E4:E8)+E13
A17: ※ 青セル=入力欄、グレーセル=自動計算、料率は年間サマリーで一元管理

Sheet 7月
A1: 松藤華奈 コミッション計算 - 7月
A3: 区分 | B3: 売上/数量 | C3: 経費控除後 | D3: 料率 | E3: コミッション
A4: ご自身の顧客売上 | B4: 500 | C4: =B4*(1-年間サマリー!$B$29) | D4: 0.6 | E4: =ROUNDDOWN(C4*D4,0)
A5: 施術売上（指名なし） | B5: 352480 | C5: =B5*(1-年間サマリー!$B$29) | D5: 0.4 | E5: =ROUNDDOWN(C5*D5,0)
A6: 指名売上 | B6: 24800 | C6: =B6*(1-年間サマリー!$B$29) | D6: 0.5 | E6: =ROUNDDOWN(C6*D6,0)
A7: 店販売上 | B7: 15400 | C7: =B7 | D7: 0.05 | E7: =ROUNDDOWN(B7*D7,0)
A8: オプション売上 | B8: 18600 | C8: =B8 | D8: 0.05 | E8: =ROUNDDOWN(B8*D8,0)
A10: 【交通費】
A11: 勤務日数 | B11: 15
A12: 片道運賃 | B12: 160
A13: 交通費（片道×2×勤務日数） | E13: 0
A15: 支給合計 | E15: =SUM(E4:E8)+E13
A17: ※ 青セル=入力欄、グレーセル=自動計算、料率は年間サマリーで一元管理
A18: ※7月〜新料率(自己60/指名なし40/指名50/店販オプ5%・交通費なし)。指名料は売上除外。フジイユメカの¥500は自己顧客(60%)扱い。

Sheet 8月
A1: 松藤華奈 コミッション計算 - 8月
A3: 区分 | B3: 売上/数量 | C3: 経費控除後 | D3: 料率 | E3: コミッション
A4: ご自身の顧客売上 | B4: 0 | C4: =B4*(1-年間サマリー!$B$29) | D4: 0.6 | E4: =ROUNDDOWN(C4*D4,0)
A5: 施術売上（指名なし） | B5: 485880 | C5: =B5*(1-年間サマリー!$B$29) | D5: 0.4 | E5: =ROUNDDOWN(C5*D5,0)
A6: 指名売上 | B6: 20280 | C6: =B6*(1-年間サマリー!$B$29) | D6: 0.5 | E6: =ROUNDDOWN(C6*D6,0)
A7: 店販売上 | B7: 4400 | C7: =B7 | D7: 0.05 | E7: =ROUNDDOWN(B7*D7,0)
A8: オプション売上 | B8: 22100 | C8: =B8 | D8: 0.05 | E8: =ROUNDDOWN(B8*D8,0)
A10: 【交通費】
A11: 勤務日数 | B11: 17
A12: 片道運賃 | B12: 160
A13: 交通費（片道×2×勤務日数） | E13: 0
A15: 支給合計 | E15: =SUM(E4:E8)+E13
A17: ※ 青セル=入力欄、グレーセル=自動計算、料率は年間サマリーで一元管理
A18: ※7月〜新料率(自己60/指名なし40/指名50/店販オプ5%・交通費なし)。指名料除外。8月フジイ来店なし。

Sheet 9月
A1: 松藤華奈 コミッション計算 - 9月
A3: 区分 | B3: 売上/数量 | C3: 経費控除後 | D3: 料率 | E3: コミッション
A4: ご自身の顧客売上 | C4: =B4*(1-年間サマリー!$B$29) | D4: =年間サマリー!$B$25 | E4: =ROUNDDOWN(C4*D4,0)
A5: 施術売上（指名なし） | C5: =B5*(1-年間サマリー!$B$29) | D5: =年間サマリー!$B$26 | E5: =ROUNDDOWN(C5*D5,0)
A6: 指名売上 | C6: =B6*(1-年間サマリー!$B$29) | D6: =年間サマリー!$B$27 | E6: =ROUNDDOWN(C6*D6,0)
A7: 店販売上 | C7: =B7 | D7: =年間サマリー!$B$28 | E7: =ROUNDDOWN(B7*D7,0)
A8: オプション売上 | C8: =B8 | D8: =年間サマリー!$B$28 | E8: =ROUNDDOWN(B8*D8,0)
A10: 【交通費】
A11: 勤務日数
A12: 片道運賃 | B12: 160
A13: 交通費（片道×2×勤務日数） | E13: =B12*2*B11
A15: 支給合計 | E15: =SUM(E4:E8)+E13
A17: ※ 青セル=入力欄、グレーセル=自動計算、料率は年間サマリーで一元管理

Sheet 10月
A1: 松藤華奈 コミッション計算 - 10月
A3: 区分 | B3: 売上/数量 | C3: 経費控除後 | D3: 料率 | E3: コミッション
A4: ご自身の顧客売上 | C4: =B4*(1-年間サマリー!$B$29) | D4: =年間サマリー!$B$25 | E4: =ROUNDDOWN(C4*D4,0)
A5: 施術売上（指名なし） | C5: =B5*(1-年間サマリー!$B$29) | D5: =年間サマリー!$B$26 | E5: =ROUNDDOWN(C5*D5,0)
A6: 指名売上 | C6: =B6*(1-年間サマリー!$B$29) | D6: =年間サマリー!$B$27 | E6: =ROUNDDOWN(C6*D6,0)
A7: 店販売上 | C7: =B7 | D7: =年間サマリー!$B$28 | E7: =ROUNDDOWN(B7*D7,0)
A8: オプション売上 | C8: =B8 | D8: =年間サマリー!$B$28 | E8: =ROUNDDOWN(B8*D8,0)
A10: 【交通費】
A11: 勤務日数
A12: 片道運賃 | B12: 160
A13: 交通費（片道×2×勤務日数） | E13: =B12*2*B11
A15: 支給合計 | E15: =SUM(E4:E8)+E13
A17: ※ 青セル=入力欄、グレーセル=自動計算、料率は年間サマリーで一元管理

Sheet 11月
A1: 松藤華奈 コミッション計算 - 11月
A3: 区分 | B3: 売上/数量 | C3: 経費控除後 | D3: 料率 | E3: コミッション
A4: ご自身の顧客売上 | C4: =B4*(1-年間サマリー!$B$29) | D4: =年間サマリー!$B$25 | E4: =ROUNDDOWN(C4*D4,0)
A5: 施術売上（指名なし） | C5: =B5*(1-年間サマリー!$B$29) | D5: =年間サマリー!$B$26 | E5: =ROUNDDOWN(C5*D5,0)
A6: 指名売上 | C6: =B6*(1-年間サマリー!$B$29) | D6: =年間サマリー!$B$27 | E6: =ROUNDDOWN(C6*D6,0)
A7: 店販売上 | C7: =B7 | D7: =年間サマリー!$B$28 | E7: =ROUNDDOWN(B7*D7,0)
A8: オプション売上 | C8: =B8 | D8: =年間サマリー!$B$28 | E8: =ROUNDDOWN(B8*D8,0)
A10: 【交通費】
A11: 勤務日数
A12: 片道運賃 | B12: 160
A13: 交通費（片道×2×勤務日数） | E13: =B12*2*B11
A15: 支給合計 | E15: =SUM(E4:E8)+E13
A17: ※ 青セル=入力欄、グレーセル=自動計算、料率は年間サマリーで一元管理

Sheet 12月
A1: 松藤華奈 コミッション計算 - 12月
A3: 区分 | B3: 売上/数量 | C3: 経費控除後 | D3: 料率 | E3: コミッション
A4: ご自身の顧客売上 | C4: =B4*(1-年間サマリー!$B$29) | D4: =年間サマリー!$B$25 | E4: =ROUNDDOWN(C4*D4,0)
A5: 施術売上（指名なし） | C5: =B5*(1-年間サマリー!$B$29) | D5: =年間サマリー!$B$26 | E5: =ROUNDDOWN(C5*D5,0)
A6: 指名売上 | C6: =B6*(1-年間サマリー!$B$29) | D6: =年間サマリー!$B$27 | E6: =ROUNDDOWN(C6*D6,0)
A7: 店販売上 | C7: =B7 | D7: =年間サマリー!$B$28 | E7: =ROUNDDOWN(B7*D7,0)
A8: オプション売上 | C8: =B8 | D8: =年間サマリー!$B$28 | E8: =ROUNDDOWN(B8*D8,0)
A10: 【交通費】
A11: 勤務日数
A12: 片道運賃 | B12: 160
A13: 交通費（片道×2×勤務日数） | E13: =B12*2*B11
A15: 支給合計 | E15: =SUM(E4:E8)+E13
A17: ※ 青セル=入力欄、グレーセル=自動計算、料率は年間サマリーで一元管理
